name,type_id,volume,weight
Liquid Ozone,16273,390837255.0,0.30792899302625515
Heavy Water,16272,247104190.0,0.1946860065816101
Strontium Clathrates,16275,3940923.0,0.003104935457045947
Helium Isotopes,16274,121052853.0,0.09537392520896015
Hydrogen Isotopes,17889,46551962.0,0.03667689965240518
Nitrogen Isotopes,17888,287286668.0,0.2263445801427197
Oxygen Isotopes,17887,172470890.0,0.1358846599310038