name,type_id,volume,weight
Tritanium,34,18875686142.0,0.7312704384461746
Pyerite,35,3660913655.0,0.14182890695817532
Mexallon,36,2106804031.0,0.08162053002361994
Isogen,37,794321854.0,0.03077313778541202
Zydrine,39,159939897.0,0.006196294943895131
Nocxium,38,131885019.0,0.005109409795388409
Megacyte,40,73276344.0,0.0028388278869175484
Morphite,11399,9355733.0,0.00036245416041710235
