{"n": 10000, "seed": 42, "corr_mode": 0, "dist_mode": 0, "n_legs": 2, "n_vars": 3, "n_factors": 3, "production_time_s": 7200, "slots": 1, "horizon_days": 1.0, "fixed_cost": 250.0, "participation_cap": 0.2, "shortfall_premium": 0.25, "slippage": 0.5, "haul_delay_prob": 0.0, "haul_delay_hours_mean": 0.0, "holding_daily_rate": 0.0, "risk_lambda": 1.0, "broker_fee_pct": 3.6, "sales_tax_pct": 2.0, "product_qty": 5, "qty": [10.0, 50.0], "mu": [4.611560934992374, 3.7123798135099237, 7.624999585613111], "sigma": [0.0593588406715814, 0.05277410809279337, 0.0385944209188562], "vol_mean": [8000.0, 20000.0, 300.0], "vol_sigma": [1.8724445165742407e-15, 1.9186846773327266e-15, 0.5], "spread_mean": [0.05310990519744472, 0.04772745778742051, 0.024721527400358885], "spread_sigma": [0.5, 0.5, 0.5], "idio_sigma": [0.8735592458777874, 0.8735592458777874, 0.8735592458777874], "factor_sigma": [1.0, 1.0, 1.0], "qgrid": [90.0, 90.45, 90.9, 91.35, 91.8, 92.25, 92.7, 93.15, 93.6, 94.05, 94.5, 94.95, 95.24, 95.51, 95.78, 96.05, 96.32, 96.59, 96.86, 97.13, 97.4, 97.67, 97.94, 98.07, 98.16, 98.25, 98.34, 98.43, 98.52, 98.61, 98.7, 98.79, 98.88, 98.97, 99.06, 99.15, 99.24, 99.33, 99.42, 99.51, 99.6, 99.69, 99.78, 99.87, 99.96, 100.05, 100.14, 100.23, 100.32, 100.41, 100.5, 100.59, 100.68, 100.77, 100.86, 100.95, 101.04, 101.13, 101.22, 101.31, 101.4, 101.49, 101.58, 101.67, 101.76, 101.85, 101.94, 102.09, 102.36, 102.63, 102.9, 103.17, 103.44, 103.71000000000001, 103.98, 104.25, 104.52, 104.78999999999999, 105.06, 105.33, 105.6, 105.87, 106.14, 106.41, 106.67999999999999, 106.95, 107.22, 107.49, 107.76, 108.02, 108.2, 108.38, 108.56, 108.74000000000001, 108.92, 109.1, 109.28, 109.46000000000001, 109.64, 109.82, 110.0, 38.0, 38.06, 38.12, 38.18, 38.24, 38.3, 38.36, 38.42, 38.48, 38.54, 38.6, 38.66, 38.72, 38.78, 38.84, 38.9, 38.96, 39.02, 39.08, 39.14, 39.2, 39.26, 39.32, 39.38, 39.44, 39.5, 39.56, 39.62, 39.68, 39.74, 39.8, 39.86, 39.92, 39.98, 40.04, 40.1, 40.16, 40.22, 40.28, 40.34, 40.4, 40.46, 40.52, 40.58, 40.64, 40.7, 40.76, 40.82, 40.88, 40.94, 41.0, 41.06, 41.12, 41.18, 41.24, 41.3, 41.36, 41.42, 41.48, 41.54, 41.6, 41.66, 41.72, 41.78, 41.84, 41.9, 41.96, 42.02, 42.08, 42.14, 42.2, 42.26, 42.32, 42.38, 42.44, 42.5, 42.56, 42.62, 42.68, 42.74, 42.8, 42.86, 42.92, 42.98, 43.04, 43.1, 43.16, 43.22, 43.28, 43.34, 43.4, 43.46, 43.52, 43.58, 43.64, 43.7, 43.76, 43.82, 43.88, 43.94, 44.0, 1950.0, 1952.0, 1954.0, 1956.0, 1958.0, 1960.0, 1962.0, 1964.0, 1966.0, 1968.0, 1970.0, 1972.0, 1974.0, 1976.0, 1978.0, 1980.0, 1982.0, 1984.0, 1986.0, 1988.0, 1990.0, 1992.0, 1994.0, 1996.0, 1998.0, 2000.0, 2002.0, 2004.0, 2006.0, 2008.0, 2010.0, 2012.0, 2014.0, 2016.0, 2018.0, 2020.0, 2022.0, 2024.0, 2026.0, 2028.0, 2030.0, 2032.0, 2034.0, 2036.0, 2038.0, 2040.0, 2042.0, 2044.0, 2046.0, 2048.0, 2050.0, 2052.0, 2054.0, 2056.0, 2058.0, 2060.0, 2062.0, 2064.0, 2066.0, 2068.0, 2070.0, 2072.0, 2074.0, 2076.0, 2078.0, 2080.0, 2082.0, 2084.0, 2086.0, 2088.0, 2090.0, 2092.0, 2094.0, 2096.0, 2098.0, 2100.0, 2102.0, 2104.0, 2106.0, 2108.0, 2110.0, 2112.0, 2114.0, 2116.0, 2118.0, 2120.0, 2122.0, 2124.0, 2126.0, 2128.0, 2130.0, 2132.0, 2134.0, 2136.0, 2138.0, 2140.0, 2142.0, 2144.0, 2146.0, 2148.0, 2150.0], "l": [1.0, 0.0, 0.0, -0.10260503383881601, 0.9947221758013317, 0.0, -0.13651830152077782, 0.9407637881229167, 0.3103647020949738], "loadings": [0.4867178278442565, 0.0, 0.0, 0.4867178278442565, 0.0, 0.0, 0.4867178278442565, 0.0, 0.0]}
