Metric,VaR_95,CVaR_95
Parametric,-0.007535313930456515,-0.00947751616663246
Historical,-0.004701994201601667,-0.00961189919506455
Monte Carlo,-0.0075846223998676686,-0.009616366349662314
